{
    "model": "InceptionV3 - Potato Disease Detection",
    "total_epochs": 40,
    "best_validation_accuracy": 0.9976798295974731,
    "best_epoch": 35,
    "final_training_accuracy": 1.0,
    "final_validation_accuracy": 0.9976798295974731,
    "improvement": 0.07656615972518921,
    "improvement_percentage": 8.312346481168325
}